-- phpMyAdmin SQL Dump
-- version 4.4.3
-- http://www.phpmyadmin.net
--
-- Servidor: localhost
-- Tiempo de generación: 09-07-2015 a las 22:28:24
-- Versión del servidor: 5.6.24
-- Versión de PHP: 5.5.24

SET SQL_MODE = "NO_AUTO_VALUE_ON_ZERO";
SET time_zone = "+00:00";


/*!40101 SET @OLD_CHARACTER_SET_CLIENT=@@CHARACTER_SET_CLIENT */;
/*!40101 SET @OLD_CHARACTER_SET_RESULTS=@@CHARACTER_SET_RESULTS */;
/*!40101 SET @OLD_COLLATION_CONNECTION=@@COLLATION_CONNECTION */;
/*!40101 SET NAMES utf8 */;

--
-- Base de datos: `prueba`
--

-- --------------------------------------------------------

--
-- Estructura de tabla para la tabla `persona`
--

CREATE TABLE IF NOT EXISTS `persona` (
  `N_identidad` varchar(20) NOT NULL,
  `Primer_nombre` varchar(20) NOT NULL,
  `Segundo_nombre` varchar(20) DEFAULT NULL,
  `Primer_apellido` varchar(45) NOT NULL,
  `Segundo_apellido` varchar(20) DEFAULT NULL,
  `Fecha_nacimiento` date NOT NULL,
  `Sexo` varchar(1) DEFAULT NULL,
  `Direccion` varchar(300) NOT NULL,
  `Correo_electronico` varchar(40) DEFAULT NULL,
  `Estado_Civil` varchar(15) DEFAULT NULL,
  `Nacionalidad` varchar(20) NOT NULL,
  `foto_perfil` blob NOT NULL
) ENGINE=InnoDB DEFAULT CHARSET=latin1;

--
-- Volcado de datos para la tabla `persona`
--

INSERT INTO `persona` (`N_identidad`, `Primer_nombre`, `Segundo_nombre`, `Primer_apellido`, `Segundo_apellido`, `Fecha_nacimiento`, `Sexo`, `Direccion`, `Correo_electronico`, `Estado_Civil`, `Nacionalidad`, `foto_perfil`) VALUES
('0000-0000-00000', 'Prueba', 'Prueba', 'Prueba', 'Prueba', '2015-03-29', 'M', 'prueba', 'prueba@prueba.com', 'soltero', 'prueba', '');

-- --------------------------------------------------------

--
-- Estructura de tabla para la tabla `rol`
--

CREATE TABLE IF NOT EXISTS `rol` (
  `rol_ID` int(2) NOT NULL,
  `descripcion` varchar(50) NOT NULL
) ENGINE=InnoDB DEFAULT CHARSET=latin1;

--
-- Volcado de datos para la tabla `rol`
--

INSERT INTO `rol` (`rol_ID`, `descripcion`) VALUES
(0, 'internos'),
(1, 'administrador'),
(2, 'Jefe de Sala'),
(3, 'Residente'),
(4, 'interno'),
(5, 'enfermera');

-- --------------------------------------------------------

--
-- Estructura de tabla para la tabla `usuario`
--

CREATE TABLE IF NOT EXISTS `usuario` (
  `usuario` varchar(50) NOT NULL,
  `contrasena` varchar(256) NOT NULL,
  `rol_ID` int(2) NOT NULL,
  `usuario_ID` int(11) NOT NULL,
  `fecha_creacion` date NOT NULL,
  `fecha_alta` date DEFAULT NULL,
  `estado` tinyint(1) NOT NULL DEFAULT '1',
  `Logeado` tinyint(1) NOT NULL
) ENGINE=InnoDB AUTO_INCREMENT=19 DEFAULT CHARSET=latin1;

--
-- Volcado de datos para la tabla `usuario`
--

INSERT INTO `usuario` (`usuario`, `contrasena`, `rol_ID`, `usuario_ID`, `fecha_creacion`, `fecha_alta`, `estado`, `Logeado`) VALUES
('pineda1234', '$2a$07$7PqV8qgy4K9toN3aiWoOueysZN8SOCoL.62VauwPTx7rPA4t46jRW', 1, 8, '2015-06-25', NULL, 0, 0),
('Arleandino', '$2a$07$.TYyvGoiHPP/jA0drgfN0e5hIfwd965he8El1tVxSe2r0VLaiCIr6', 5, 11, '2015-06-27', '2015-07-08', 0, 0),
('Arle Reyes', '$2a$07$p550WnRYfbI4VCVyZ.QZO.Zpwh5ST6j9Xk1Adca8WvHPvxecnDYuO', 5, 12, '2015-06-27', '2015-07-08', 0, 0),
('hllanos', '$2a$07$h/tRPEKOlV5W6VKHhQDiNu9ndzSvhfbodhuxymdQF0MG7fB8XULSy', 1, 16, '2015-07-06', '0000-00-00', 1, 0),
('hectorllanos', '$2a$07$88EXV6GmXGpYLoHx402l5OfhbaYXnqZ87pohRJNxHu1kIEx5WOYVm', 5, 17, '2015-07-08', '2015-07-08', 0, 0),
('prueba', '$2a$07$85JeqXKUI2z23IgA7bamaeCSr30hAq/EolgnIwfxL2t2YmFcys3au', 2, 18, '2015-07-08', NULL, 0, 0);

-- --------------------------------------------------------

--
-- Estructura de tabla para la tabla `usuario_logs`
--

CREATE TABLE IF NOT EXISTS `usuario_logs` (
  `id_logs` int(11) NOT NULL,
  `usuario_log` varchar(25) NOT NULL,
  `fecha_ingreso` datetime NOT NULL DEFAULT CURRENT_TIMESTAMP,
  `fecha_salida` datetime NOT NULL,
  `ip_conexion` varchar(40) NOT NULL
) ENGINE=InnoDB AUTO_INCREMENT=152 DEFAULT CHARSET=latin1;

--
-- Volcado de datos para la tabla `usuario_logs`
--

INSERT INTO `usuario_logs` (`id_logs`, `usuario_log`, `fecha_ingreso`, `fecha_salida`, `ip_conexion`) VALUES
(1, 'pineda1234', '2015-06-26 23:55:30', '2015-06-27 16:15:00', ':192.168'),
(2, 'pineda1234', '2015-06-26 23:55:43', '2015-06-27 16:15:00', ':192.168'),
(3, 'pineda1234', '2015-06-27 00:20:46', '2015-06-28 08:19:11', '192.168.0.1'),
(4, '', '2015-04-27 00:28:47', '0000-00-00 00:00:00', '127.0.0.1'),
(5, '', '2015-03-27 00:29:40', '0000-00-00 00:00:00', '127.0.0.1'),
(7, 'pineda1234', '2015-06-27 00:31:18', '0000-00-00 00:00:00', '127.0.0.1'),
(8, 'pineda1234', '2015-06-27 00:33:00', '0000-00-00 00:00:00', '127.0.0.1'),
(9, 'pineda1234', '2015-06-27 07:49:51', '0000-00-00 00:00:00', '127.0.0.1'),
(10, 'pineda1234', '2015-06-27 16:06:01', '0000-00-00 00:00:00', '::1'),
(11, 'pineda1234', '2015-06-27 20:33:48', '0000-00-00 00:00:00', '::1'),
(12, '', '2015-05-27 20:44:23', '0000-00-00 00:00:00', '::1'),
(13, 'pineda1234', '2015-03-27 22:23:07', '0000-00-00 00:00:00', '::1'),
(14, 'pineda1234', '2015-06-27 23:27:34', '0000-00-00 00:00:00', '::1'),
(15, 'pineda1234', '2015-02-27 23:27:55', '0000-00-00 00:00:00', '::1'),
(16, 'pineda1234', '2015-01-29 06:42:39', '0000-00-00 00:00:00', '::1'),
(17, 'pineda1234', '2015-06-29 07:06:43', '0000-00-00 00:00:00', '::1'),
(18, 'pineda1234', '2015-06-29 07:07:03', '0000-00-00 00:00:00', '::1'),
(19, 'pineda1234', '2015-06-29 07:07:25', '0000-00-00 00:00:00', '::1'),
(20, 'pineda1234', '2015-06-29 07:10:27', '0000-00-00 00:00:00', '::1'),
(21, 'Axel Herrera', '2015-06-29 07:11:24', '0000-00-00 00:00:00', '::1'),
(22, 'pineda1234', '2015-06-29 07:26:56', '0000-00-00 00:00:00', '::1'),
(23, 'pineda1234', '2015-06-29 07:50:26', '0000-00-00 00:00:00', '::1'),
(24, 'pineda1234', '2015-06-29 09:56:04', '0000-00-00 00:00:00', '::1'),
(25, 'pineda1234', '2015-06-29 09:58:35', '0000-00-00 00:00:00', '::1'),
(26, 'pineda1234', '2015-06-29 10:48:06', '0000-00-00 00:00:00', '::1'),
(27, 'pineda1234', '2015-06-29 11:50:11', '0000-00-00 00:00:00', '::1'),
(28, 'pineda1234', '2015-06-29 12:08:13', '0000-00-00 00:00:00', '::1'),
(29, 'pineda1234', '2015-06-29 12:11:52', '0000-00-00 00:00:00', '::1'),
(30, 'pineda1234', '2015-06-29 12:12:20', '0000-00-00 00:00:00', '::1'),
(31, 'pineda1234', '2015-06-29 12:16:00', '0000-00-00 00:00:00', '::1'),
(32, 'pineda1234', '2015-06-29 12:23:52', '0000-00-00 00:00:00', '::1'),
(33, 'pineda1234', '2015-06-29 13:00:08', '0000-00-00 00:00:00', '::1'),
(34, 'pineda1234', '2015-06-29 13:00:34', '0000-00-00 00:00:00', '::1'),
(35, 'pineda1234', '2015-06-29 13:07:20', '0000-00-00 00:00:00', '::1'),
(36, 'pineda1234', '2015-06-29 13:11:43', '0000-00-00 00:00:00', '192.168.43.1'),
(37, 'pineda1234', '2015-06-29 14:22:01', '0000-00-00 00:00:00', '::1'),
(38, 'pineda1234', '2015-06-29 14:23:21', '0000-00-00 00:00:00', '::1'),
(39, 'pineda1234', '2015-06-29 14:23:32', '0000-00-00 00:00:00', '::1'),
(40, 'pineda1234', '2015-06-29 14:34:41', '0000-00-00 00:00:00', '::1'),
(41, 'pineda1234', '2015-06-29 14:37:01', '0000-00-00 00:00:00', '::1'),
(42, 'pineda1234', '2015-06-29 14:40:21', '0000-00-00 00:00:00', '::1'),
(43, 'pineda1234', '2015-06-29 14:40:30', '0000-00-00 00:00:00', '::1'),
(44, 'pineda1234', '2015-06-29 14:40:50', '0000-00-00 00:00:00', '::1'),
(45, 'pineda1234', '2015-06-29 14:41:19', '0000-00-00 00:00:00', '::1'),
(46, 'pineda1234', '2015-06-29 18:56:41', '0000-00-00 00:00:00', '::1'),
(47, 'pineda1234', '2015-06-29 18:56:46', '0000-00-00 00:00:00', '::1'),
(48, 'pineda1234', '2015-06-30 07:20:49', '0000-00-00 00:00:00', '::1'),
(49, 'pineda1234', '2015-06-30 13:23:55', '0000-00-00 00:00:00', '::1'),
(50, 'pineda1234', '2015-07-01 10:38:56', '0000-00-00 00:00:00', '127.0.0.1'),
(51, 'pineda1234', '2015-07-01 11:05:28', '0000-00-00 00:00:00', '127.0.0.1'),
(52, 'pineda1234', '2015-07-01 11:07:00', '0000-00-00 00:00:00', '127.0.0.1'),
(53, 'pineda1234', '2015-07-01 11:07:59', '0000-00-00 00:00:00', '127.0.0.1'),
(54, 'pineda1234', '2015-07-01 11:08:37', '0000-00-00 00:00:00', '127.0.0.1'),
(55, 'pineda1234', '2015-07-01 11:17:53', '0000-00-00 00:00:00', '127.0.0.1'),
(56, 'pineda1234', '2015-07-01 11:33:30', '0000-00-00 00:00:00', '127.0.0.1'),
(57, 'pineda1234', '2015-07-01 13:41:21', '0000-00-00 00:00:00', '127.0.0.1'),
(58, 'pineda1234', '2015-07-01 13:46:17', '0000-00-00 00:00:00', '127.0.0.1'),
(59, 'pineda1234', '2015-07-01 13:48:17', '0000-00-00 00:00:00', '127.0.0.1'),
(60, 'pineda1234', '2015-07-01 13:49:00', '0000-00-00 00:00:00', '127.0.0.1'),
(61, 'pineda1234', '2015-07-01 13:52:30', '0000-00-00 00:00:00', '127.0.0.1'),
(62, 'pineda1234', '2015-07-01 13:56:27', '0000-00-00 00:00:00', '127.0.0.1'),
(63, 'pineda1234', '2015-07-01 13:57:01', '0000-00-00 00:00:00', '127.0.0.1'),
(64, 'pineda1234', '2015-07-01 14:39:53', '0000-00-00 00:00:00', '127.0.0.1'),
(65, 'pineda1234', '2015-07-01 14:44:49', '0000-00-00 00:00:00', '127.0.0.1'),
(66, 'pineda1234', '2015-07-01 14:50:15', '0000-00-00 00:00:00', '127.0.0.1'),
(67, 'pineda1234', '2015-07-01 14:53:14', '0000-00-00 00:00:00', '127.0.0.1'),
(68, 'pineda1234', '2015-07-01 14:53:38', '0000-00-00 00:00:00', '127.0.0.1'),
(69, 'pineda1234', '2015-07-01 15:02:06', '0000-00-00 00:00:00', '127.0.0.1'),
(70, 'pineda1234', '2015-07-01 15:27:51', '0000-00-00 00:00:00', '127.0.0.1'),
(71, 'pineda1234', '2015-07-01 15:30:24', '0000-00-00 00:00:00', '127.0.0.1'),
(72, 'pineda1234', '2015-07-01 15:34:54', '0000-00-00 00:00:00', '127.0.0.1'),
(73, 'pineda1234', '2015-07-01 15:39:09', '0000-00-00 00:00:00', '127.0.0.1'),
(74, 'pineda1234', '2015-07-01 15:46:14', '0000-00-00 00:00:00', '127.0.0.1'),
(75, 'pineda1234', '2015-07-01 15:48:32', '0000-00-00 00:00:00', '127.0.0.1'),
(76, 'pineda1234', '2015-07-01 15:51:46', '0000-00-00 00:00:00', '127.0.0.1'),
(77, 'pineda1234', '2015-07-01 16:01:52', '0000-00-00 00:00:00', '127.0.0.1'),
(78, 'pineda1234', '2015-07-01 16:06:19', '0000-00-00 00:00:00', '127.0.0.1'),
(79, 'pineda1234', '2015-07-01 16:08:33', '0000-00-00 00:00:00', '127.0.0.1'),
(80, 'pineda1234', '2015-07-01 16:10:23', '0000-00-00 00:00:00', '127.0.0.1'),
(81, 'pineda1234', '2015-07-01 19:36:37', '0000-00-00 00:00:00', '127.0.0.1'),
(82, 'pineda1234', '2015-07-01 20:28:25', '0000-00-00 00:00:00', '127.0.0.1'),
(83, 'pineda1234', '2015-07-01 20:57:36', '0000-00-00 00:00:00', '127.0.0.1'),
(84, 'pineda1234', '2015-07-01 22:57:12', '0000-00-00 00:00:00', '127.0.0.1'),
(85, 'pineda1234', '2015-07-01 23:02:07', '0000-00-00 00:00:00', '127.0.0.1'),
(86, 'pineda1234', '2015-07-01 23:02:35', '0000-00-00 00:00:00', '127.0.0.1'),
(87, 'pineda1234', '2015-07-01 23:03:46', '0000-00-00 00:00:00', '127.0.0.1'),
(88, 'pineda1234', '2015-07-01 23:10:38', '0000-00-00 00:00:00', '127.0.0.1'),
(89, 'pineda1234', '2015-07-02 22:11:30', '0000-00-00 00:00:00', '127.0.0.1'),
(90, 'pineda1234', '2015-07-03 00:42:08', '0000-00-00 00:00:00', '127.0.0.1'),
(91, 'pineda1234', '2015-07-03 13:14:53', '0000-00-00 00:00:00', '127.0.0.1'),
(92, 'pineda1234', '2015-07-03 13:20:43', '0000-00-00 00:00:00', '127.0.0.1'),
(93, 'pineda1234', '2015-07-03 13:35:08', '0000-00-00 00:00:00', '127.0.0.1'),
(94, 'pineda1234', '2015-07-03 13:36:13', '0000-00-00 00:00:00', '127.0.0.1'),
(95, 'pineda1234', '2015-07-03 13:37:50', '0000-00-00 00:00:00', '127.0.0.1'),
(96, 'pineda1234', '2015-07-04 14:25:13', '0000-00-00 00:00:00', '127.0.0.1'),
(97, 'pineda1234', '2015-07-05 12:50:46', '0000-00-00 00:00:00', '127.0.0.1'),
(98, 'pineda1234', '2015-07-05 13:13:14', '0000-00-00 00:00:00', '127.0.0.1'),
(99, 'pineda1234', '2015-07-05 13:13:37', '0000-00-00 00:00:00', '127.0.0.1'),
(100, 'pineda1234', '2015-07-05 13:13:58', '0000-00-00 00:00:00', '127.0.0.1'),
(101, 'pineda1234', '2015-07-05 15:37:00', '0000-00-00 00:00:00', '127.0.0.1'),
(102, 'pineda1234', '2015-07-05 15:37:50', '0000-00-00 00:00:00', '127.0.0.1'),
(103, 'pineda1234', '2015-07-05 15:39:59', '0000-00-00 00:00:00', '127.0.0.1'),
(104, 'pineda1234', '2015-07-05 15:48:30', '0000-00-00 00:00:00', '127.0.0.1'),
(105, 'pineda1234', '2015-07-05 15:50:46', '0000-00-00 00:00:00', '127.0.0.1'),
(106, 'pineda1234', '2015-07-05 15:51:35', '0000-00-00 00:00:00', '127.0.0.1'),
(107, 'pineda1234', '2015-07-05 15:54:37', '0000-00-00 00:00:00', '127.0.0.1'),
(108, 'pineda1234', '2015-07-05 15:55:32', '0000-00-00 00:00:00', '127.0.0.1'),
(109, 'pineda1234', '2015-07-05 16:12:14', '0000-00-00 00:00:00', '127.0.0.1'),
(110, 'pineda1234', '2015-07-05 16:40:20', '0000-00-00 00:00:00', '127.0.0.1'),
(111, 'pineda1234', '2015-07-05 16:43:28', '0000-00-00 00:00:00', '127.0.0.1'),
(112, 'pineda1234', '2015-07-05 16:48:47', '0000-00-00 00:00:00', '127.0.0.1'),
(113, 'hllanos', '2015-07-05 16:49:40', '0000-00-00 00:00:00', '127.0.0.1'),
(114, 'pineda1234', '2015-07-05 21:29:20', '0000-00-00 00:00:00', '127.0.0.1'),
(115, 'hllanos', '2015-07-05 21:47:48', '0000-00-00 00:00:00', '127.0.0.1'),
(116, 'hllanos', '2015-07-05 22:06:46', '0000-00-00 00:00:00', '127.0.0.1'),
(117, 'pineda1234', '2015-07-06 09:54:51', '0000-00-00 00:00:00', '127.0.0.1'),
(118, 'pineda1234', '2015-07-06 09:55:11', '0000-00-00 00:00:00', '127.0.0.1'),
(119, 'pineda1234', '2015-07-06 23:13:34', '0000-00-00 00:00:00', '127.0.0.1'),
(120, 'pineda1234', '2015-07-07 00:21:49', '0000-00-00 00:00:00', '127.0.0.1'),
(121, 'hllanos', '2015-07-07 00:23:10', '0000-00-00 00:00:00', '127.0.0.1'),
(122, 'pineda1234', '2015-07-07 00:27:54', '0000-00-00 00:00:00', '127.0.0.1'),
(123, 'pineda1234', '2015-07-07 00:28:13', '0000-00-00 00:00:00', '127.0.0.1'),
(124, 'pineda1234', '2015-07-07 11:13:58', '0000-00-00 00:00:00', '127.0.0.1'),
(125, 'hllanos', '2015-07-07 11:52:48', '0000-00-00 00:00:00', '127.0.0.1'),
(126, 'hllanos', '2015-07-07 12:14:32', '0000-00-00 00:00:00', '127.0.0.1'),
(127, 'pineda1234', '2015-07-07 12:25:12', '0000-00-00 00:00:00', '127.0.0.1'),
(128, 'pineda1234', '2015-07-07 12:36:03', '0000-00-00 00:00:00', '127.0.0.1'),
(129, 'pineda1234', '2015-07-07 12:59:05', '0000-00-00 00:00:00', '127.0.0.1'),
(130, 'pineda1234', '2015-07-07 13:00:23', '0000-00-00 00:00:00', '127.0.0.1'),
(131, 'hllanos', '2015-07-07 13:51:47', '0000-00-00 00:00:00', '127.0.0.1'),
(132, 'pineda1234', '2015-07-07 14:01:53', '0000-00-00 00:00:00', '127.0.0.1'),
(133, 'pineda1234', '2015-07-07 14:27:47', '0000-00-00 00:00:00', '127.0.0.1'),
(134, 'pineda1234', '2015-07-07 15:20:17', '0000-00-00 00:00:00', '127.0.0.1'),
(135, 'pineda1234', '2015-07-07 15:22:25', '0000-00-00 00:00:00', '127.0.0.1'),
(136, 'pineda1234', '2015-07-07 16:28:09', '0000-00-00 00:00:00', '127.0.0.1'),
(137, 'pineda1234', '2015-07-07 16:51:15', '0000-00-00 00:00:00', '127.0.0.1'),
(138, 'pineda1234', '2015-07-07 16:53:54', '0000-00-00 00:00:00', '127.0.0.1'),
(139, 'pineda1234', '2015-07-07 17:04:59', '0000-00-00 00:00:00', '127.0.0.1'),
(140, 'hllanos', '2015-07-07 17:10:27', '0000-00-00 00:00:00', '127.0.0.1'),
(141, 'pineda1234', '2015-07-08 10:53:49', '0000-00-00 00:00:00', '127.0.0.1'),
(142, 'hllanos', '2015-07-08 13:54:41', '0000-00-00 00:00:00', '127.0.0.1'),
(143, 'hllanos', '2015-07-08 14:07:16', '0000-00-00 00:00:00', '127.0.0.1'),
(144, 'hllanos', '2015-07-08 14:25:59', '0000-00-00 00:00:00', '127.0.0.1'),
(145, 'hllanos', '2015-07-08 21:27:45', '0000-00-00 00:00:00', '127.0.0.1'),
(146, 'hllanos', '2015-07-08 22:12:20', '0000-00-00 00:00:00', '127.0.0.1'),
(147, 'hllanos', '2015-07-09 00:46:04', '0000-00-00 00:00:00', '127.0.0.1'),
(148, 'hllanos', '2015-07-09 00:47:02', '0000-00-00 00:00:00', '127.0.0.1'),
(149, 'hllanos', '2015-07-09 00:47:36', '0000-00-00 00:00:00', '127.0.0.1'),
(150, 'hllanos', '2015-07-09 00:47:49', '0000-00-00 00:00:00', '127.0.0.1'),
(151, 'hllanos', '2015-07-09 00:48:11', '0000-00-00 00:00:00', '127.0.0.1');

--
-- Índices para tablas volcadas
--

--
-- Indices de la tabla `rol`
--
ALTER TABLE `rol`
  ADD PRIMARY KEY (`rol_ID`);

--
-- Indices de la tabla `usuario`
--
ALTER TABLE `usuario`
  ADD PRIMARY KEY (`usuario_ID`),
  ADD KEY `FK_usuario_rol` (`rol_ID`);

--
-- Indices de la tabla `usuario_logs`
--
ALTER TABLE `usuario_logs`
  ADD PRIMARY KEY (`id_logs`),
  ADD KEY `usuario_log` (`usuario_log`),
  ADD KEY `usuario_log_2` (`usuario_log`);

--
-- AUTO_INCREMENT de las tablas volcadas
--

--
-- AUTO_INCREMENT de la tabla `usuario`
--
ALTER TABLE `usuario`
  MODIFY `usuario_ID` int(11) NOT NULL AUTO_INCREMENT,AUTO_INCREMENT=19;
--
-- AUTO_INCREMENT de la tabla `usuario_logs`
--
ALTER TABLE `usuario_logs`
  MODIFY `id_logs` int(11) NOT NULL AUTO_INCREMENT,AUTO_INCREMENT=152;
--
-- Restricciones para tablas volcadas
--

--
-- Filtros para la tabla `usuario`
--
ALTER TABLE `usuario`
  ADD CONSTRAINT `FK_usuario_rol` FOREIGN KEY (`rol_ID`) REFERENCES `rol` (`rol_ID`);

/*!40101 SET CHARACTER_SET_CLIENT=@OLD_CHARACTER_SET_CLIENT */;
/*!40101 SET CHARACTER_SET_RESULTS=@OLD_CHARACTER_SET_RESULTS */;
/*!40101 SET COLLATION_CONNECTION=@OLD_COLLATION_CONNECTION */;
